text,label
"I love this product! It exceeded my expectations and works perfectly.",positive
"Terrible quality. Broke after just one day of use. Complete waste of money.",negative
"The item is okay, nothing special but does what it's supposed to do.",neutral
"Outstanding customer service and fast shipping. Highly recommend!",positive
"Product arrived damaged and customer service was unhelpful.",negative
"Average product at a fair price. No complaints but nothing extraordinary.",neutral
"This is the best purchase I've made this year! Absolutely fantastic!",positive
"Poor build quality and doesn't match the description. Very disappointed.",negative
"Decent value for the money. Works as expected.",neutral
"Exceeded all expectations! Will definitely buy again.",positive
"Cheaply made and overpriced. Would not recommend to anyone.",negative
"Standard quality product. Does the job adequately.",neutral
"Incredible experience from start to finish. Perfect in every way!",positive
"Worst purchase ever. Nothing but problems since day one.",negative
"Fair product for the price range. Neither good nor bad.",neutral
"Amazing quality and attention to detail. Worth every penny!",positive
"Defective item and poor packaging. Very unsatisfied with purchase.",negative
"Reasonable product that meets basic requirements.",neutral
"Fantastic design and excellent functionality. Love it!",positive
"Misleading advertisement. Product doesn't work as described.",negative
"The software is intuitive and user-friendly. Great for beginners.",positive
"Complex interface that's difficult to navigate. Needs improvement.",negative
"Standard features and average performance. Nothing noteworthy.",neutral
"Revolutionary technology that changes everything. Impressive innovation!",positive
"Outdated technology and poor performance. Far behind competitors.",negative
"Competent software with basic functionality. Gets the job done.",neutral
"Exceptional build quality and premium materials. Top-notch craftsmanship!",positive
"Flimsy construction and cheap materials. Falls apart easily.",negative
"Solid construction and reliable performance. No major issues.",neutral
"Game-changing innovation that sets new industry standards!",positive